id,data,hora,etapa,linha_ou_descricao,post,tipo,arquivo,link,status
0,2026-09-10,12:00,lançamento,"Reel 15 s: o globo, ""Atravessar foi coragem."" e a data 15.09",Teaser 1,REEL,globo-reel-1080x1920.mp4,https://github.com/Guga-Marion/royal-accelerator-pitchday/blob/master/divulgacao/linhas-criativas/03-fundo/aceleracao/reels-stories/globo-reel-1080x1920.mp4,cortar do pronto
1,2026-09-12,12:00,lançamento,"Reel 10 s: a banca em silhueta e ""15.09 · no YouTube""",Teaser 2,REEL,fragmentos-reel-1080x1920.mp4,https://github.com/Guga-Marion/royal-accelerator-pitchday/blob/master/divulgacao/linhas-criativas/03-fundo/aceleracao/reels-stories/fragmentos-reel-1080x1920.mp4,cortar do pronto
2,2026-09-14,12:00,lançamento,"Contagem regressiva com a vinheta; enquete ""você atravessou?""",Stories · contagem,STORIES,vinheta-rbg-1920x1080.mp4,https://github.com/Guga-Marion/royal-accelerator-pitchday/blob/master/divulgacao/linhas-criativas/outros/youtube/vinheta-rbg-1920x1080.mp4,cortar do pronto
3,2026-09-15,12:00,lançamento,"YouTube: ""Atravessar foi coragem. Crescer é método."" (3–4 min). Instagram: corte de 60 s com a vinheta",Vídeo mãe + Reel de lançamento,YOUTUBE + REEL,,,a produzir
4,2026-09-15,18:00,meio,Infográfico da frente,Infográfico · Comercial · ZOPA e BATNA · vídeo 4:5 (carrossel inteiro),VÍDEO 4:5,infografico-comercial-feed-1080x1350.mp4,https://github.com/Guga-Marion/royal-accelerator-pitchday/blob/master/divulgacao/linhas-criativas/02-meio/infografico-frente/02-comercial/feed/infografico-comercial-feed-1080x1350.mp4,pronto
5,2026-09-16,12:00,meio,Infográfico da frente,Infográfico · Finanças · EBITDA,CARROSSEL EM VÍDEO,02-meio/infografico-frente/01-financas/carrossel-video,https://github.com/Guga-Marion/royal-accelerator-pitchday/tree/master/divulgacao/linhas-criativas/02-meio/infografico-frente/01-financas/carrossel-video,pronto
6,2026-09-16,18:00,meio,"Trecho de 30–60 s do vídeo mãe, com a cartela do contexto e legenda em pílula",Corte com contexto · nº 01,REEL,02-meio/corte-com-contexto/reels-stories,https://github.com/Guga-Marion/royal-accelerator-pitchday/tree/master/divulgacao/linhas-criativas/02-meio/corte-com-contexto/reels-stories,a produzir · edição
7,2026-09-17,12:00,topo,O manifesto em cinco etapas (lâmina 1 em vídeo),A travessia · carrossel,CARROSSEL,travessia-feed-1080x1350.mp4,https://github.com/Guga-Marion/royal-accelerator-pitchday/blob/master/divulgacao/linhas-criativas/outros/manifesto-travessia/feed/travessia-feed-1080x1350.mp4,pronto
8,2026-09-17,18:00,meio,"Trecho de 30–60 s do vídeo mãe, com a cartela do contexto e legenda em pílula",Corte com contexto · nº 02,REEL,02-meio/corte-com-contexto/reels-stories,https://github.com/Guga-Marion/royal-accelerator-pitchday/tree/master/divulgacao/linhas-criativas/02-meio/corte-com-contexto/reels-stories,a produzir · edição
9,2026-09-18,12:00,fundo,A banca,Em relevo · Kamila,VÍDEO 4:5,relevo-kamila-feed-1080x1350.mp4,https://github.com/Guga-Marion/royal-accelerator-pitchday/blob/master/divulgacao/linhas-criativas/03-fundo/banca/feed/relevo-kamila-feed-1080x1350.mp4,pronto
10,2026-09-18,18:00,topo,Histórias com números,Número · 2 milhões de brasileiros,VÍDEO 1:1,numero-brasileiros-quadrado-1080x1080.mp4,https://github.com/Guga-Marion/royal-accelerator-pitchday/blob/master/divulgacao/linhas-criativas/01-topo/numeros-brasil-eua/feed/numero-brasileiros-quadrado-1080x1080.mp4,pronto
11,2026-09-19,12:00,fundo,Sete pareceres. Uma empresa. → programas de aceleração,A banca,REEL,banca-reel-1080x1920.mp4,https://github.com/Guga-Marion/royal-accelerator-pitchday/blob/master/divulgacao/linhas-criativas/03-fundo/banca/reels-stories/banca-reel-1080x1920.mp4,pronto
12,2026-09-19,18:00,fundo,A banca,Em relevo · Carlos,VÍDEO 4:5,relevo-carlos-feed-1080x1350.mp4,https://github.com/Guga-Marion/royal-accelerator-pitchday/blob/master/divulgacao/linhas-criativas/03-fundo/banca/feed/relevo-carlos-feed-1080x1350.mp4,pronto
13,2026-09-20,12:00,meio,"Trecho de 30–60 s do vídeo mãe, com a cartela do contexto e legenda em pílula",Corte com contexto · nº 03,REEL,02-meio/corte-com-contexto/reels-stories,https://github.com/Guga-Marion/royal-accelerator-pitchday/tree/master/divulgacao/linhas-criativas/02-meio/corte-com-contexto/reels-stories,a produzir · edição
14,2026-09-20,18:00,topo,Histórias com números,Número · +30 mil empresas na Flórida,VÍDEO 1:1,numero-empresas-fl-quadrado-1080x1080.mp4,https://github.com/Guga-Marion/royal-accelerator-pitchday/blob/master/divulgacao/linhas-criativas/01-topo/numeros-brasil-eua/feed/numero-empresas-fl-quadrado-1080x1080.mp4,pronto
15,2026-09-21,12:00,topo,Travessias · empresas,Travessias · Tractian,CARROSSEL EM VÍDEO,01-topo/travessias-empresas/carrossel-video/tractian,https://github.com/Guga-Marion/royal-accelerator-pitchday/tree/master/divulgacao/linhas-criativas/01-topo/travessias-empresas/carrossel-video/tractian,pronto
16,2026-09-21,18:00,fundo,A banca,Em relevo · Guga (Reel),REEL,relevo-guga-reel-1080x1920.mp4,https://github.com/Guga-Marion/royal-accelerator-pitchday/blob/master/divulgacao/linhas-criativas/03-fundo/banca/reels-stories/relevo-guga-reel-1080x1920.mp4,pronto
17,2026-09-22,12:00,topo,"Dois adolescentes, o cartão que nenhum banco dava, US$ 12,3 bi",Travessias · Brex,CARROSSEL EM VÍDEO,01-topo/travessias-empresas/carrossel-video/brex,https://github.com/Guga-Marion/royal-accelerator-pitchday/tree/master/divulgacao/linhas-criativas/01-topo/travessias-empresas/carrossel-video/brex,pronto
18,2026-09-22,18:00,meio,Infográfico da frente,Infográfico · Tecnologia & IA · automação · vídeo 4:5 (carrossel inteiro),VÍDEO 4:5,infografico-tecnologia-feed-1080x1350.mp4,https://github.com/Guga-Marion/royal-accelerator-pitchday/blob/master/divulgacao/linhas-criativas/02-meio/infografico-frente/03-tecnologia-ia/feed/infografico-tecnologia-feed-1080x1350.mp4,pronto
19,2026-09-23,12:00,meio,Infográfico da frente,Infográfico · Tecnologia & IA · automação,CARROSSEL EM VÍDEO,02-meio/infografico-frente/03-tecnologia-ia/carrossel-video,https://github.com/Guga-Marion/royal-accelerator-pitchday/tree/master/divulgacao/linhas-criativas/02-meio/infografico-frente/03-tecnologia-ia/carrossel-video,pronto
20,2026-09-23,18:00,meio,"Trecho de 30–60 s do vídeo mãe, com a cartela do contexto e legenda em pílula",Corte com contexto · nº 04,REEL,02-meio/corte-com-contexto/reels-stories,https://github.com/Guga-Marion/royal-accelerator-pitchday/tree/master/divulgacao/linhas-criativas/02-meio/corte-com-contexto/reels-stories,a produzir · edição
21,2026-09-24,12:00,meio,EBITDA: o carrossel inteiro em um vídeo de 44 s,Infográfico · Finanças · vídeo 4:5,VÍDEO 4:5,infografico-financas-feed-1080x1350.mp4,https://github.com/Guga-Marion/royal-accelerator-pitchday/blob/master/divulgacao/linhas-criativas/02-meio/infografico-frente/01-financas/feed/infografico-financas-feed-1080x1350.mp4,pronto
22,2026-09-24,18:00,meio,"Trecho de 30–60 s do vídeo mãe, com a cartela do contexto e legenda em pílula",Corte com contexto · nº 05,REEL,02-meio/corte-com-contexto/reels-stories,https://github.com/Guga-Marion/royal-accelerator-pitchday/tree/master/divulgacao/linhas-criativas/02-meio/corte-com-contexto/reels-stories,a produzir · edição
23,2026-09-25,12:00,fundo,A banca,A banca fala · Lúcio Santana,ESTÁTICO 4:5,03-fundo/banca/feed-estatico/banca-3-lucio-santana-1080x1350.png,https://github.com/Guga-Marion/royal-accelerator-pitchday/blob/master/divulgacao/linhas-criativas/03-fundo/banca/feed-estatico/banca-3-lucio-santana-1080x1350.png,pronto
24,2026-09-25,18:00,topo,Histórias com números,Número · 59 % escolhem os EUA,VÍDEO 1:1,numero-diaspora-quadrado-1080x1080.mp4,https://github.com/Guga-Marion/royal-accelerator-pitchday/blob/master/divulgacao/linhas-criativas/01-topo/numeros-brasil-eua/feed/numero-diaspora-quadrado-1080x1080.mp4,pronto
25,2026-09-26,12:00,fundo,Linha do tempo do Pitch Day + scorecard,Como funciona o dia,REEL,pitchday-dia-reel-1080x1920.mp4,https://github.com/Guga-Marion/royal-accelerator-pitchday/blob/master/divulgacao/linhas-criativas/03-fundo/pitch-day/reels-stories/pitchday-dia-reel-1080x1920.mp4,pronto
26,2026-09-26,18:00,fundo,A banca,A banca fala · Kamila Adamatti,ESTÁTICO 4:5,03-fundo/banca/feed-estatico/banca-6-kamila-adamatti-1080x1350.png,https://github.com/Guga-Marion/royal-accelerator-pitchday/blob/master/divulgacao/linhas-criativas/03-fundo/banca/feed-estatico/banca-6-kamila-adamatti-1080x1350.png,pronto
27,2026-09-27,12:00,meio,"Trecho de 30–60 s do vídeo mãe, com a cartela do contexto e legenda em pílula",Corte com contexto · nº 06,REEL,02-meio/corte-com-contexto/reels-stories,https://github.com/Guga-Marion/royal-accelerator-pitchday/tree/master/divulgacao/linhas-criativas/02-meio/corte-com-contexto/reels-stories,a produzir · edição
28,2026-09-27,18:00,topo,Travessias · empresas,Travessias · Brex (Reel do globo),REEL,historia-brex-reel-1080x1920.mp4,https://github.com/Guga-Marion/royal-accelerator-pitchday/blob/master/divulgacao/linhas-criativas/01-topo/travessias-empresas/reels-stories/historia-brex-reel-1080x1920.mp4,pronto
29,2026-09-28,12:00,topo,Travessias · empresas,Travessias · Oakberry,CARROSSEL EM VÍDEO,01-topo/travessias-empresas/carrossel-video/oakberry,https://github.com/Guga-Marion/royal-accelerator-pitchday/tree/master/divulgacao/linhas-criativas/01-topo/travessias-empresas/carrossel-video/oakberry,pronto
30,2026-09-28,18:00,fundo,A banca,A banca fala · Carlos Osorio,ESTÁTICO 4:5,03-fundo/banca/feed-estatico/banca-4-carlos-osorio-1080x1350.png,https://github.com/Guga-Marion/royal-accelerator-pitchday/blob/master/divulgacao/linhas-criativas/03-fundo/banca/feed-estatico/banca-4-carlos-osorio-1080x1350.png,pronto
31,2026-09-29,12:00,topo,Seis em dez morrem no Brasil; metade nos EUA,Números · Sobreviver 5 anos,CARROSSEL EM VÍDEO,01-topo/numeros-brasil-eua/carrossel-video/cinco-anos,https://github.com/Guga-Marion/royal-accelerator-pitchday/tree/master/divulgacao/linhas-criativas/01-topo/numeros-brasil-eua/carrossel-video/cinco-anos,pronto
32,2026-09-29,18:00,meio,Infográfico da frente,Infográfico · Liderança Situacional · vídeo 4:5 (carrossel inteiro),VÍDEO 4:5,infografico-lideranca-feed-1080x1350.mp4,https://github.com/Guga-Marion/royal-accelerator-pitchday/blob/master/divulgacao/linhas-criativas/02-meio/infografico-frente/04-lideranca/feed/infografico-lideranca-feed-1080x1350.mp4,pronto
33,2026-09-30,12:00,meio,Infográfico da frente,Infográfico · Liderança Situacional,CARROSSEL EM VÍDEO,02-meio/infografico-frente/04-lideranca/carrossel-video,https://github.com/Guga-Marion/royal-accelerator-pitchday/tree/master/divulgacao/linhas-criativas/02-meio/infografico-frente/04-lideranca/carrossel-video,pronto
34,2026-09-30,18:00,meio,"Trecho de 30–60 s de palestra ou do Pitch Day 2, com a cartela do contexto e legenda em pílula",Corte com contexto · nº 07,REEL,02-meio/corte-com-contexto/reels-stories,https://github.com/Guga-Marion/royal-accelerator-pitchday/tree/master/divulgacao/linhas-criativas/02-meio/corte-com-contexto/reels-stories,a produzir · edição
35,2026-10-01,12:00,meio,"""A banca fala""; no Instagram, o corte com a cartela",YouTube Ep. 01 + Corte,YOUTUBE + REEL,,,a produzir
36,2026-10-01,18:00,meio,Infográfico da frente,Infográfico · Processos · OKR · vídeo 4:5 (carrossel inteiro),VÍDEO 4:5,infografico-processos-feed-1080x1350.mp4,https://github.com/Guga-Marion/royal-accelerator-pitchday/blob/master/divulgacao/linhas-criativas/02-meio/infografico-frente/05-processos/feed/infografico-processos-feed-1080x1350.mp4,pronto
37,2026-10-02,12:00,fundo,A banca,A banca fala · Fernando Alves,ESTÁTICO 4:5,03-fundo/banca/feed-estatico/banca-1-fernando-alves-1080x1350.png,https://github.com/Guga-Marion/royal-accelerator-pitchday/blob/master/divulgacao/linhas-criativas/03-fundo/banca/feed-estatico/banca-1-fernando-alves-1080x1350.png,pronto
38,2026-10-02,18:00,topo,Travessias · empresas,Travessias · Fogo de Chão (Reel do globo),REEL,historia-fogo-reel-1080x1920.mp4,https://github.com/Guga-Marion/royal-accelerator-pitchday/blob/master/divulgacao/linhas-criativas/01-topo/travessias-empresas/reels-stories/historia-fogo-reel-1080x1920.mp4,pronto
39,2026-10-03,12:00,fundo,Sprint 60 · Aceleração 120 · link na bio,Programas de aceleração · Chamada,VÍDEO 1:1,chamada-quadrado,https://github.com/Guga-Marion/royal-accelerator-pitchday/blob/master/divulgacao/linhas-criativas/03-fundo/aceleracao/feed-estatico/chamada-quadrado-1080x1080.png,pronto
40,2026-10-03,18:00,fundo,A banca,A banca fala · Alex Zocche,ESTÁTICO 4:5,03-fundo/banca/feed-estatico/banca-5-alex-zocche-1080x1350.png,https://github.com/Guga-Marion/royal-accelerator-pitchday/blob/master/divulgacao/linhas-criativas/03-fundo/banca/feed-estatico/banca-5-alex-zocche-1080x1350.png,pronto
41,2026-10-04,12:00,meio,"Trecho de 30–60 s do episódio do YouTube, com a cartela do contexto e legenda em pílula",Corte com contexto · nº 08,REEL,02-meio/corte-com-contexto/reels-stories,https://github.com/Guga-Marion/royal-accelerator-pitchday/tree/master/divulgacao/linhas-criativas/02-meio/corte-com-contexto/reels-stories,a produzir · edição
42,2026-10-04,18:00,topo,Travessias · empresas,Travessias · Tractian (Reel do globo),REEL,historia-tractian-reel-1080x1920.mp4,https://github.com/Guga-Marion/royal-accelerator-pitchday/blob/master/divulgacao/linhas-criativas/01-topo/travessias-empresas/reels-stories/historia-tractian-reel-1080x1920.mp4,pronto
43,2026-10-05,12:00,pitch day,Edição 3 · 6 de dezembro · Orlando · inscrição gratuita até 6/11,Pitch Day · inscrições abertas,VÍDEO 4:5,03-fundo/pitch-day/evento-antes-durante-depois/PD-inscricoes-feed.mp4,https://github.com/Guga-Marion/royal-accelerator-pitchday/blob/master/divulgacao/linhas-criativas/03-fundo/pitch-day/evento-antes-durante-depois/PD-inscricoes-feed.mp4,pronto
44,2026-10-05,18:00,fundo,A banca,A banca fala · Gustavo Marion,ESTÁTICO 4:5,03-fundo/banca/feed-estatico/banca-2-gustavo-marion-1080x1350.png,https://github.com/Guga-Marion/royal-accelerator-pitchday/blob/master/divulgacao/linhas-criativas/03-fundo/banca/feed-estatico/banca-2-gustavo-marion-1080x1350.png,pronto
45,2026-10-06,12:00,topo,Aos 4 pegou a raquete; aos 18 ganhou um ATP,Brasileiros no mundo · João Fonseca,CARROSSEL EM VÍDEO,01-topo/brasileiros-no-mundo/carrossel-video/fonseca,https://github.com/Guga-Marion/royal-accelerator-pitchday/tree/master/divulgacao/linhas-criativas/01-topo/brasileiros-no-mundo/carrossel-video/fonseca,pronto
46,2026-10-06,18:00,meio,Infográfico da frente,Infográfico · Marketing · Golden Circle · vídeo 4:5 (carrossel inteiro),VÍDEO 4:5,infografico-marketing-feed-1080x1350.mp4,https://github.com/Guga-Marion/royal-accelerator-pitchday/blob/master/divulgacao/linhas-criativas/02-meio/infografico-frente/06-marketing/feed/infografico-marketing-feed-1080x1350.mp4,pronto
47,2026-10-07,12:00,meio,Infográfico da frente,Infográfico · Processos · OKR,CARROSSEL EM VÍDEO,02-meio/infografico-frente/05-processos/carrossel-video,https://github.com/Guga-Marion/royal-accelerator-pitchday/tree/master/divulgacao/linhas-criativas/02-meio/infografico-frente/05-processos/carrossel-video,pronto
48,2026-10-07,18:00,meio,"Trecho de 30–60 s de palestra ou do Pitch Day 2, com a cartela do contexto e legenda em pílula",Corte com contexto · nº 09,REEL,02-meio/corte-com-contexto/reels-stories,https://github.com/Guga-Marion/royal-accelerator-pitchday/tree/master/divulgacao/linhas-criativas/02-meio/corte-com-contexto/reels-stories,a produzir · edição
49,2026-10-08,12:00,meio,Você perde dinheiro em toda negociação — e nem sabe,Infográfico · Comercial · ZOPA e BATNA,CARROSSEL EM VÍDEO,02-meio/infografico-frente/02-comercial/carrossel-video,https://github.com/Guga-Marion/royal-accelerator-pitchday/tree/master/divulgacao/linhas-criativas/02-meio/infografico-frente/02-comercial/carrossel-video,pronto
50,2026-10-08,18:00,meio,"Trecho de 30–60 s do episódio do YouTube, com a cartela do contexto e legenda em pílula",Corte com contexto · nº 10,REEL,02-meio/corte-com-contexto/reels-stories,https://github.com/Guga-Marion/royal-accelerator-pitchday/tree/master/divulgacao/linhas-criativas/02-meio/corte-com-contexto/reels-stories,a produzir · edição
51,2026-10-09,12:00,fundo,Programas de aceleração,Programas de aceleração · Chamada,ESTÁTICO 1:1,03-fundo/aceleracao/feed-estatico/chamada-quadrado-1080x1080.png,https://github.com/Guga-Marion/royal-accelerator-pitchday/blob/master/divulgacao/linhas-criativas/03-fundo/aceleracao/feed-estatico/chamada-quadrado-1080x1080.png,pronto
52,2026-10-09,18:00,topo,Tese (reserva),Tese · Estrutura vem antes de escala,ESTÁTICO 1:1,outros/tese/feed-estatico/tese-01-quadrado-1080x1080.png,https://github.com/Guga-Marion/royal-accelerator-pitchday/blob/master/divulgacao/linhas-criativas/outros/tese/feed-estatico/tese-01-quadrado-1080x1080.png,pronto
53,2026-10-10,12:00,fundo,"""Estrutura vem antes de escala""",Em relevo · Lúcio,VÍDEO 4:5,relevo-lucio-feed-1080x1350.mp4,https://github.com/Guga-Marion/royal-accelerator-pitchday/blob/master/divulgacao/linhas-criativas/03-fundo/banca/feed/relevo-lucio-feed-1080x1350.mp4,pronto
54,2026-10-10,18:00,fundo,Programas de aceleração,Programas de aceleração · story,STORY,03-fundo/aceleracao/feed-estatico/chamada-story-1080x1920.png,https://github.com/Guga-Marion/royal-accelerator-pitchday/blob/master/divulgacao/linhas-criativas/03-fundo/aceleracao/feed-estatico/chamada-story-1080x1920.png,pronto
55,2026-10-11,12:00,meio,"Trecho de 30–60 s de palestra ou do Pitch Day 2, com a cartela do contexto e legenda em pílula",Corte com contexto · nº 11,REEL,02-meio/corte-com-contexto/reels-stories,https://github.com/Guga-Marion/royal-accelerator-pitchday/tree/master/divulgacao/linhas-criativas/02-meio/corte-com-contexto/reels-stories,a produzir · edição
56,2026-10-11,18:00,topo,Tese (reserva),"Tese · Margem é número, não sensação",ESTÁTICO 1:1,outros/tese/feed-estatico/tese-03-quadrado-1080x1080.png,https://github.com/Guga-Marion/royal-accelerator-pitchday/blob/master/divulgacao/linhas-criativas/outros/tese/feed-estatico/tese-03-quadrado-1080x1080.png,pronto
57,2026-10-12,12:00,topo,Travessias · empresas,Travessias · Havaianas,CARROSSEL EM VÍDEO,01-topo/travessias-empresas/carrossel-video/havaianas,https://github.com/Guga-Marion/royal-accelerator-pitchday/tree/master/divulgacao/linhas-criativas/01-topo/travessias-empresas/carrossel-video/havaianas,pronto
58,2026-10-12,18:00,fundo,Programas de aceleração,Fragmentos · o palco (Reel),REEL,fragmentos-reel-1080x1920.mp4,https://github.com/Guga-Marion/royal-accelerator-pitchday/blob/master/divulgacao/linhas-criativas/03-fundo/aceleracao/reels-stories/fragmentos-reel-1080x1920.mp4,pronto
59,2026-10-13,12:00,topo,"Seis livros, uma lição por frente",O que o livro diz · carrossel,CARROSSEL,01-topo/livros/carrossel,https://github.com/Guga-Marion/royal-accelerator-pitchday/tree/master/divulgacao/linhas-criativas/01-topo/livros/carrossel,pronto
60,2026-10-13,18:00,meio,Infográfico da frente,"Infográfico · Growth · LTV, CAC e MRR · vídeo 4:5 (carrossel inteiro)",VÍDEO 4:5,infografico-growth-feed-1080x1350.mp4,https://github.com/Guga-Marion/royal-accelerator-pitchday/blob/master/divulgacao/linhas-criativas/02-meio/infografico-frente/07-growth/feed/infografico-growth-feed-1080x1350.mp4,pronto
61,2026-10-14,12:00,meio,Infográfico da frente,Infográfico · Marketing · Golden Circle,CARROSSEL EM VÍDEO,02-meio/infografico-frente/06-marketing/carrossel-video,https://github.com/Guga-Marion/royal-accelerator-pitchday/tree/master/divulgacao/linhas-criativas/02-meio/infografico-frente/06-marketing/carrossel-video,pronto
62,2026-10-14,18:00,meio,"Trecho de 30–60 s do episódio do YouTube, com a cartela do contexto e legenda em pílula",Corte com contexto · nº 12,REEL,02-meio/corte-com-contexto/reels-stories,https://github.com/Guga-Marion/royal-accelerator-pitchday/tree/master/divulgacao/linhas-criativas/02-meio/corte-com-contexto/reels-stories,a produzir · edição
63,2026-10-15,12:00,meio,"""O custo de esperar"": 120 dias ou 12 meses",YouTube Ep. 02 + Corte,YOUTUBE + REEL,,,a produzir
64,2026-10-15,18:00,meio,Sete frentes (reserva),Sete frentes · o método em 9 lâminas,CARROSSEL,outros/sete-frentes/carrossel,https://github.com/Guga-Marion/royal-accelerator-pitchday/tree/master/divulgacao/linhas-criativas/outros/sete-frentes/carrossel,pronto
65,2026-10-16,12:00,fundo,Programas de aceleração,Fragmentos · o palco (4:5),VÍDEO 4:5,fragmentos-feed-1080x1350.mp4,https://github.com/Guga-Marion/royal-accelerator-pitchday/blob/master/divulgacao/linhas-criativas/03-fundo/aceleracao/feed/fragmentos-feed-1080x1350.mp4,pronto
66,2026-10-16,18:00,topo,Tese (reserva),Tese · Contratar não resolve o dono-gargalo,ESTÁTICO 1:1,outros/tese/feed-estatico/tese-04-quadrado-1080x1080.png,https://github.com/Guga-Marion/royal-accelerator-pitchday/blob/master/divulgacao/linhas-criativas/outros/tese/feed-estatico/tese-04-quadrado-1080x1080.png,pronto
67,2026-10-17,12:00,fundo,Sua empresa na frente de quem investe,Convite · 6 de dezembro,REEL,convite-reel-1080x1920.mp4,https://github.com/Guga-Marion/royal-accelerator-pitchday/blob/master/divulgacao/linhas-criativas/03-fundo/pitch-day/reels-stories/convite-reel-1080x1920.mp4,pronto
68,2026-10-17,18:00,fundo,Programas de aceleração,O globo · Atravessar foi coragem (Reel),REEL,globo-reel-1080x1920.mp4,https://github.com/Guga-Marion/royal-accelerator-pitchday/blob/master/divulgacao/linhas-criativas/03-fundo/aceleracao/reels-stories/globo-reel-1080x1920.mp4,pronto
69,2026-10-18,12:00,meio,"Trecho de 30–60 s de palestra ou do Pitch Day 2, com a cartela do contexto e legenda em pílula",Corte com contexto · nº 13,REEL,02-meio/corte-com-contexto/reels-stories,https://github.com/Guga-Marion/royal-accelerator-pitchday/tree/master/divulgacao/linhas-criativas/02-meio/corte-com-contexto/reels-stories,a produzir · edição
70,2026-10-18,18:00,topo,Tese (reserva),Tese · Atravessar foi coragem (Reel),REEL,tese-01-reel-1080x1920.mp4,https://github.com/Guga-Marion/royal-accelerator-pitchday/blob/master/divulgacao/linhas-criativas/outros/tese/reels-stories/tese-01-reel-1080x1920.mp4,pronto
71,2026-10-19,12:00,topo,Travessias · empresas,Travessias · Ambev → AB InBev,CARROSSEL EM VÍDEO,01-topo/travessias-empresas/carrossel-video/ambev,https://github.com/Guga-Marion/royal-accelerator-pitchday/tree/master/divulgacao/linhas-criativas/01-topo/travessias-empresas/carrossel-video/ambev,pronto
72,2026-10-19,18:00,fundo,Programas de aceleração,Bastidores · Cinco minutos. Sem slides.,ESTÁTICO 1:1,outros/bastidores/feed-estatico/bastidores-01-quadrado-1080x1080.png,https://github.com/Guga-Marion/royal-accelerator-pitchday/blob/master/divulgacao/linhas-criativas/outros/bastidores/feed-estatico/bastidores-01-quadrado-1080x1080.png,pronto
73,2026-10-20,12:00,topo,Porto Alegre 1979 → Dallas 1997 → Bain 2023,Travessias · Fogo de Chão,CARROSSEL EM VÍDEO,01-topo/travessias-empresas/carrossel-video/fogo,https://github.com/Guga-Marion/royal-accelerator-pitchday/tree/master/divulgacao/linhas-criativas/01-topo/travessias-empresas/carrossel-video/fogo,pronto
74,2026-10-20,18:00,meio,Sete frentes (reserva),Sete frentes · vídeo 4:5,VÍDEO 4:5,sete-frentes-feed-1080x1350.mp4,https://github.com/Guga-Marion/royal-accelerator-pitchday/blob/master/divulgacao/linhas-criativas/outros/sete-frentes/feed/sete-frentes-feed-1080x1350.mp4,pronto
75,2026-10-21,12:00,meio,Infográfico da frente,"Infográfico · Growth · LTV, CAC e MRR",CARROSSEL EM VÍDEO,02-meio/infografico-frente/07-growth/carrossel-video,https://github.com/Guga-Marion/royal-accelerator-pitchday/tree/master/divulgacao/linhas-criativas/02-meio/infografico-frente/07-growth/carrossel-video,pronto
76,2026-10-21,18:00,meio,"Trecho de 30–60 s do episódio do YouTube, com a cartela do contexto e legenda em pílula",Corte com contexto · nº 14,REEL,02-meio/corte-com-contexto/reels-stories,https://github.com/Guga-Marion/royal-accelerator-pitchday/tree/master/divulgacao/linhas-criativas/02-meio/corte-com-contexto/reels-stories,a produzir · edição
77,2026-10-22,12:00,meio,ZOPA e BATNA: o carrossel inteiro em um vídeo de 44 s,Infográfico · Comercial · vídeo 4:5,VÍDEO 4:5,infografico-comercial-feed-1080x1350.mp4,https://github.com/Guga-Marion/royal-accelerator-pitchday/blob/master/divulgacao/linhas-criativas/02-meio/infografico-frente/02-comercial/feed/infografico-comercial-feed-1080x1350.mp4,pronto
78,2026-10-22,18:00,meio,"Trecho de 30–60 s de palestra ou do Pitch Day 2, com a cartela do contexto e legenda em pílula",Corte com contexto · nº 15,REEL,02-meio/corte-com-contexto/reels-stories,https://github.com/Guga-Marion/royal-accelerator-pitchday/tree/master/divulgacao/linhas-criativas/02-meio/corte-com-contexto/reels-stories,a produzir · edição
79,2026-10-23,12:00,fundo,Programas de aceleração,Bastidores · A banca no hub,ESTÁTICO 4:5,outros/bastidores/feed-estatico/bastidores-02-feed-1080x1350.png,https://github.com/Guga-Marion/royal-accelerator-pitchday/blob/master/divulgacao/linhas-criativas/outros/bastidores/feed-estatico/bastidores-02-feed-1080x1350.png,pronto
80,2026-10-23,18:00,topo,Tese (reserva),Tese · Atravessar foi coragem (4:5),VÍDEO 4:5,tese-02-feed-1080x1350.mp4,https://github.com/Guga-Marion/royal-accelerator-pitchday/blob/master/divulgacao/linhas-criativas/outros/tese/feed/tese-02-feed-1080x1350.mp4,pronto
81,2026-10-24,12:00,fundo,"""Primeiro escalão não é cargo""",Em relevo · Kamila,VÍDEO 4:5,relevo-kamila-feed-1080x1350.mp4,https://github.com/Guga-Marion/royal-accelerator-pitchday/blob/master/divulgacao/linhas-criativas/03-fundo/banca/feed/relevo-kamila-feed-1080x1350.mp4,pronto
82,2026-10-24,18:00,fundo,A banca,A banca · Sete pareceres. Uma empresa.,REEL,banca-reel-1080x1920.mp4,https://github.com/Guga-Marion/royal-accelerator-pitchday/blob/master/divulgacao/linhas-criativas/03-fundo/banca/reels-stories/banca-reel-1080x1920.mp4,pronto
83,2026-10-25,12:00,meio,"Trecho de 30–60 s do episódio do YouTube, com a cartela do contexto e legenda em pílula",Corte com contexto · nº 16,REEL,02-meio/corte-com-contexto/reels-stories,https://github.com/Guga-Marion/royal-accelerator-pitchday/tree/master/divulgacao/linhas-criativas/02-meio/corte-com-contexto/reels-stories,a produzir · edição
84,2026-10-25,18:00,topo,Manifesto (reserva),A travessia · manifesto em 5 etapas,CARROSSEL,outros/manifesto-travessia/carrossel,https://github.com/Guga-Marion/royal-accelerator-pitchday/tree/master/divulgacao/linhas-criativas/outros/manifesto-travessia/carrossel,pronto
85,2026-10-26,12:00,topo,Histórias com números,Números · Vontade × resultado,CARROSSEL EM VÍDEO,01-topo/numeros-brasil-eua/carrossel-video/vontade,https://github.com/Guga-Marion/royal-accelerator-pitchday/tree/master/divulgacao/linhas-criativas/01-topo/numeros-brasil-eua/carrossel-video/vontade,pronto
86,2026-10-26,18:00,fundo,A banca,Em relevo · Guga (Reel),REEL,relevo-guga-reel-1080x1920.mp4,https://github.com/Guga-Marion/royal-accelerator-pitchday/blob/master/divulgacao/linhas-criativas/03-fundo/banca/reels-stories/relevo-guga-reel-1080x1920.mp4,pronto
87,2026-10-27,12:00,topo,"O mesmo pedido, dois guardanapos: 14 % × 3,75 %",Números · O custo do dinheiro,CARROSSEL EM VÍDEO,01-topo/numeros-brasil-eua/carrossel-video/custo-dinheiro,https://github.com/Guga-Marion/royal-accelerator-pitchday/tree/master/divulgacao/linhas-criativas/01-topo/numeros-brasil-eua/carrossel-video/custo-dinheiro,pronto
88,2026-10-27,18:00,meio,Diagnóstico (reserva),Diagnóstico em 5 perguntas,CARROSSEL,outros/diagnostico/carrossel,https://github.com/Guga-Marion/royal-accelerator-pitchday/tree/master/divulgacao/linhas-criativas/outros/diagnostico/carrossel,pronto
89,2026-10-28,12:00,meio,Custo de esperar (reserva),O custo de esperar · Empresa A × B,ESTÁTICO 4:5,outros/custo-de-esperar/feed-estatico/custo-de-esperar-1080x1350.png,https://github.com/Guga-Marion/royal-accelerator-pitchday/blob/master/divulgacao/linhas-criativas/outros/custo-de-esperar/feed-estatico/custo-de-esperar-1080x1350.png,pronto
90,2026-10-28,18:00,meio,"Trecho de 30–60 s de palestra ou do Pitch Day 2, com a cartela do contexto e legenda em pílula",Corte com contexto · nº 17,REEL,02-meio/corte-com-contexto/reels-stories,https://github.com/Guga-Marion/royal-accelerator-pitchday/tree/master/divulgacao/linhas-criativas/02-meio/corte-com-contexto/reels-stories,a produzir · edição
91,2026-10-29,12:00,meio,"""Finanças"" com Carlos Osorio",YouTube Ep. 03 + Corte,YOUTUBE + REEL,,,a produzir
92,2026-10-29,18:00,meio,Infográfico da frente,Infográfico · Tecnologia & IA · automação · vídeo 4:5 (carrossel inteiro),VÍDEO 4:5,infografico-tecnologia-feed-1080x1350.mp4,https://github.com/Guga-Marion/royal-accelerator-pitchday/blob/master/divulgacao/linhas-criativas/02-meio/infografico-frente/03-tecnologia-ia/feed/infografico-tecnologia-feed-1080x1350.mp4,pronto
93,2026-10-30,12:00,pitch day,Reel: inscrições fecham em 6/11,Pitch Day · última semana de inscrições,REEL,03-fundo/pitch-day/evento-antes-durante-depois/PD-inscricoes-reel.mp4,https://github.com/Guga-Marion/royal-accelerator-pitchday/blob/master/divulgacao/linhas-criativas/03-fundo/pitch-day/evento-antes-durante-depois/PD-inscricoes-reel.mp4,pronto
94,2026-10-30,18:00,topo,Manifesto (reserva),A travessia · manifesto (Reel),REEL,travessia-reel-1080x1920.mp4,https://github.com/Guga-Marion/royal-accelerator-pitchday/blob/master/divulgacao/linhas-criativas/outros/manifesto-travessia/reels-stories/travessia-reel-1080x1920.mp4,pronto
95,2026-10-31,12:00,fundo,Cinco minutos. Sem slides. Cem pontos.,O Pitch Day em números,CARROSSEL EM VÍDEO,03-fundo/pitch-day/carrossel-video/pitch-day-em-numeros,https://github.com/Guga-Marion/royal-accelerator-pitchday/tree/master/divulgacao/linhas-criativas/03-fundo/pitch-day/carrossel-video/pitch-day-em-numeros,pronto
96,2026-10-31,18:00,fundo,A banca,A banca fala · Lúcio Santana,ESTÁTICO 4:5,03-fundo/banca/feed-estatico/banca-3-lucio-santana-1080x1350.png,https://github.com/Guga-Marion/royal-accelerator-pitchday/blob/master/divulgacao/linhas-criativas/03-fundo/banca/feed-estatico/banca-3-lucio-santana-1080x1350.png,pronto
97,2026-11-01,12:00,meio,"Trecho de 30–60 s do episódio do YouTube, com a cartela do contexto e legenda em pílula",Corte com contexto · nº 18,REEL,02-meio/corte-com-contexto/reels-stories,https://github.com/Guga-Marion/royal-accelerator-pitchday/tree/master/divulgacao/linhas-criativas/02-meio/corte-com-contexto/reels-stories,a produzir · edição
98,2026-11-01,18:00,topo,Histórias com números,Número · 2 milhões de brasileiros,VÍDEO 1:1,numero-brasileiros-quadrado-1080x1080.mp4,https://github.com/Guga-Marion/royal-accelerator-pitchday/blob/master/divulgacao/linhas-criativas/01-topo/numeros-brasil-eua/feed/numero-brasileiros-quadrado-1080x1080.mp4,pronto
99,2026-11-02,12:00,topo,Histórias com números,Números · Por que a Flórida,CARROSSEL EM VÍDEO,01-topo/numeros-brasil-eua/carrossel-video/florida,https://github.com/Guga-Marion/royal-accelerator-pitchday/tree/master/divulgacao/linhas-criativas/01-topo/numeros-brasil-eua/carrossel-video/florida,pronto
100,2026-11-02,18:00,fundo,A banca,A banca fala · Kamila Adamatti,ESTÁTICO 4:5,03-fundo/banca/feed-estatico/banca-6-kamila-adamatti-1080x1350.png,https://github.com/Guga-Marion/royal-accelerator-pitchday/blob/master/divulgacao/linhas-criativas/03-fundo/banca/feed-estatico/banca-6-kamila-adamatti-1080x1350.png,pronto
101,2026-11-03,12:00,topo,De Dois Riachos a campeã em Orlando,Brasileiros no mundo · Marta,CARROSSEL EM VÍDEO,01-topo/brasileiros-no-mundo/carrossel-video/marta,https://github.com/Guga-Marion/royal-accelerator-pitchday/tree/master/divulgacao/linhas-criativas/01-topo/brasileiros-no-mundo/carrossel-video/marta,pronto
102,2026-11-03,18:00,meio,Infográfico da frente,Infográfico · Finanças · EBITDA · vídeo 4:5 (carrossel inteiro),VÍDEO 4:5,infografico-financas-feed-1080x1350.mp4,https://github.com/Guga-Marion/royal-accelerator-pitchday/blob/master/divulgacao/linhas-criativas/02-meio/infografico-frente/01-financas/feed/infografico-financas-feed-1080x1350.mp4,pronto
103,2026-11-04,12:00,meio,Infográfico da frente,Infográfico · Tecnologia & IA · automação,CARROSSEL EM VÍDEO,02-meio/infografico-frente/03-tecnologia-ia/carrossel-video,https://github.com/Guga-Marion/royal-accelerator-pitchday/tree/master/divulgacao/linhas-criativas/02-meio/infografico-frente/03-tecnologia-ia/carrossel-video,pronto
104,2026-11-04,18:00,meio,"Trecho de 30–60 s de palestra ou do Pitch Day 2, com a cartela do contexto e legenda em pílula",Corte com contexto · nº 19,REEL,02-meio/corte-com-contexto/reels-stories,https://github.com/Guga-Marion/royal-accelerator-pitchday/tree/master/divulgacao/linhas-criativas/02-meio/corte-com-contexto/reels-stories,a produzir · edição
105,2026-11-05,12:00,meio,"Você delega, ele erra, você retoma — quatro estilos (Hersey & Blanchard)",Infográfico · Liderança Situacional,CARROSSEL EM VÍDEO,02-meio/infografico-frente/04-lideranca/carrossel-video,https://github.com/Guga-Marion/royal-accelerator-pitchday/tree/master/divulgacao/linhas-criativas/02-meio/infografico-frente/04-lideranca/carrossel-video,pronto
106,2026-11-05,18:00,meio,"Trecho de 30–60 s do episódio do YouTube, com a cartela do contexto e legenda em pílula",Corte com contexto · nº 20,REEL,02-meio/corte-com-contexto/reels-stories,https://github.com/Guga-Marion/royal-accelerator-pitchday/tree/master/divulgacao/linhas-criativas/02-meio/corte-com-contexto/reels-stories,a produzir · edição
107,2026-11-06,12:00,pitch day,Stories + Reel: inscreva-se hoje,Pitch Day · último dia de inscrições,STORIES + REEL,03-fundo/pitch-day/evento-antes-durante-depois/PD-inscricoes-reel.mp4,https://github.com/Guga-Marion/royal-accelerator-pitchday/blob/master/divulgacao/linhas-criativas/03-fundo/pitch-day/evento-antes-durante-depois/PD-inscricoes-reel.mp4,pronto
108,2026-11-06,18:00,topo,Histórias com números,Número · +30 mil empresas na Flórida,VÍDEO 1:1,numero-empresas-fl-quadrado-1080x1080.mp4,https://github.com/Guga-Marion/royal-accelerator-pitchday/blob/master/divulgacao/linhas-criativas/01-topo/numeros-brasil-eua/feed/numero-empresas-fl-quadrado-1080x1080.mp4,pronto
109,2026-11-07,12:00,pitch day,Contagem: 30,Pitch Day · faltam 30 dias,VÍDEO 4:5,03-fundo/pitch-day/evento-antes-durante-depois/PD-contagem-30.mp4,https://github.com/Guga-Marion/royal-accelerator-pitchday/blob/master/divulgacao/linhas-criativas/03-fundo/pitch-day/evento-antes-durante-depois/PD-contagem-30.mp4,pronto
110,2026-11-07,18:00,fundo,Como funciona,Como funciona o dia · linha do tempo + scorecard,REEL,pitchday-dia-reel-1080x1920.mp4,https://github.com/Guga-Marion/royal-accelerator-pitchday/blob/master/divulgacao/linhas-criativas/03-fundo/pitch-day/reels-stories/pitchday-dia-reel-1080x1920.mp4,pronto
111,2026-11-08,12:00,meio,"Trecho de 30–60 s de palestra ou do Pitch Day 2, com a cartela do contexto e legenda em pílula",Corte com contexto · nº 21,REEL,02-meio/corte-com-contexto/reels-stories,https://github.com/Guga-Marion/royal-accelerator-pitchday/tree/master/divulgacao/linhas-criativas/02-meio/corte-com-contexto/reels-stories,a produzir · edição
112,2026-11-08,18:00,topo,Histórias com números,Número · 59 % escolhem os EUA,VÍDEO 1:1,numero-diaspora-quadrado-1080x1080.mp4,https://github.com/Guga-Marion/royal-accelerator-pitchday/blob/master/divulgacao/linhas-criativas/01-topo/numeros-brasil-eua/feed/numero-diaspora-quadrado-1080x1080.mp4,pronto
113,2026-11-09,12:00,topo,Travessias · empresas,Travessias · Tractian,CARROSSEL EM VÍDEO,01-topo/travessias-empresas/carrossel-video/tractian,https://github.com/Guga-Marion/royal-accelerator-pitchday/tree/master/divulgacao/linhas-criativas/01-topo/travessias-empresas/carrossel-video/tractian,pronto
114,2026-11-09,18:00,fundo,A banca,A banca fala · Carlos Osorio,ESTÁTICO 4:5,03-fundo/banca/feed-estatico/banca-4-carlos-osorio-1080x1350.png,https://github.com/Guga-Marion/royal-accelerator-pitchday/blob/master/divulgacao/linhas-criativas/03-fundo/banca/feed-estatico/banca-4-carlos-osorio-1080x1350.png,pronto
115,2026-11-10,12:00,topo,O açaí da esquina → 700 lojas em 40 países,Travessias · Oakberry,CARROSSEL EM VÍDEO,01-topo/travessias-empresas/carrossel-video/oakberry,https://github.com/Guga-Marion/royal-accelerator-pitchday/tree/master/divulgacao/linhas-criativas/01-topo/travessias-empresas/carrossel-video/oakberry,pronto
116,2026-11-10,18:00,meio,Infográfico da frente,Infográfico · Liderança Situacional · vídeo 4:5 (carrossel inteiro),VÍDEO 4:5,infografico-lideranca-feed-1080x1350.mp4,https://github.com/Guga-Marion/royal-accelerator-pitchday/blob/master/divulgacao/linhas-criativas/02-meio/infografico-frente/04-lideranca/feed/infografico-lideranca-feed-1080x1350.mp4,pronto
117,2026-11-11,12:00,meio,Infográfico da frente,Infográfico · Processos · OKR · vídeo 4:5 (carrossel inteiro),VÍDEO 4:5,infografico-processos-feed-1080x1350.mp4,https://github.com/Guga-Marion/royal-accelerator-pitchday/blob/master/divulgacao/linhas-criativas/02-meio/infografico-frente/05-processos/feed/infografico-processos-feed-1080x1350.mp4,pronto
118,2026-11-11,18:00,meio,"Trecho de 30–60 s do episódio do YouTube, com a cartela do contexto e legenda em pílula",Corte com contexto · nº 22,REEL,02-meio/corte-com-contexto/reels-stories,https://github.com/Guga-Marion/royal-accelerator-pitchday/tree/master/divulgacao/linhas-criativas/02-meio/corte-com-contexto/reels-stories,a produzir · edição
119,2026-11-12,12:00,meio,"""Comercial"" com Fernando Alves",YouTube Ep. 04 + Corte,YOUTUBE + REEL,,,a produzir
120,2026-11-12,18:00,meio,Infográfico da frente,Infográfico · Marketing · Golden Circle · vídeo 4:5 (carrossel inteiro),VÍDEO 4:5,infografico-marketing-feed-1080x1350.mp4,https://github.com/Guga-Marion/royal-accelerator-pitchday/blob/master/divulgacao/linhas-criativas/02-meio/infografico-frente/06-marketing/feed/infografico-marketing-feed-1080x1350.mp4,pronto
121,2026-11-13,12:00,pitch day,Carrossel com as dez empresas (nomes após a seleção),Pitch Day · os 10 selecionados,CARROSSEL,03-fundo/pitch-day/evento-antes-durante-depois/PD-selecionados-feed.mp4,https://github.com/Guga-Marion/royal-accelerator-pitchday/blob/master/divulgacao/linhas-criativas/03-fundo/pitch-day/evento-antes-durante-depois/PD-selecionados-feed.mp4,completar com nomes
122,2026-11-13,18:00,topo,Travessias · empresas,Travessias · Brex (Reel do globo),REEL,historia-brex-reel-1080x1920.mp4,https://github.com/Guga-Marion/royal-accelerator-pitchday/blob/master/divulgacao/linhas-criativas/01-topo/travessias-empresas/reels-stories/historia-brex-reel-1080x1920.mp4,pronto
123,2026-11-14,12:00,fundo,"""Margem é número, não sensação""",Em relevo · Carlos,VÍDEO 4:5,relevo-carlos-feed-1080x1350.mp4,https://github.com/Guga-Marion/royal-accelerator-pitchday/blob/master/divulgacao/linhas-criativas/03-fundo/banca/feed/relevo-carlos-feed-1080x1350.mp4,pronto
124,2026-11-14,18:00,fundo,A banca,A banca fala · Fernando Alves,ESTÁTICO 4:5,03-fundo/banca/feed-estatico/banca-1-fernando-alves-1080x1350.png,https://github.com/Guga-Marion/royal-accelerator-pitchday/blob/master/divulgacao/linhas-criativas/03-fundo/banca/feed-estatico/banca-1-fernando-alves-1080x1350.png,pronto
125,2026-11-15,12:00,meio,"Trecho de 30–60 s de palestra ou do Pitch Day 2, com a cartela do contexto e legenda em pílula",Corte com contexto · nº 23,REEL,02-meio/corte-com-contexto/reels-stories,https://github.com/Guga-Marion/royal-accelerator-pitchday/tree/master/divulgacao/linhas-criativas/02-meio/corte-com-contexto/reels-stories,a produzir · edição
126,2026-11-15,18:00,topo,Travessias · empresas,Travessias · Fogo de Chão (Reel do globo),REEL,historia-fogo-reel-1080x1920.mp4,https://github.com/Guga-Marion/royal-accelerator-pitchday/blob/master/divulgacao/linhas-criativas/01-topo/travessias-empresas/reels-stories/historia-fogo-reel-1080x1920.mp4,pronto
127,2026-11-16,12:00,topo,Travessias · empresas,Travessias · Brex,CARROSSEL EM VÍDEO,01-topo/travessias-empresas/carrossel-video/brex,https://github.com/Guga-Marion/royal-accelerator-pitchday/tree/master/divulgacao/linhas-criativas/01-topo/travessias-empresas/carrossel-video/brex,pronto
128,2026-11-16,18:00,fundo,A banca,A banca fala · Alex Zocche,ESTÁTICO 4:5,03-fundo/banca/feed-estatico/banca-5-alex-zocche-1080x1350.png,https://github.com/Guga-Marion/royal-accelerator-pitchday/blob/master/divulgacao/linhas-criativas/03-fundo/banca/feed-estatico/banca-5-alex-zocche-1080x1350.png,pronto
129,2026-11-17,12:00,topo,"A sandália ""de pobre"" → Times Square",Travessias · Havaianas,CARROSSEL EM VÍDEO,01-topo/travessias-empresas/carrossel-video/havaianas,https://github.com/Guga-Marion/royal-accelerator-pitchday/tree/master/divulgacao/linhas-criativas/01-topo/travessias-empresas/carrossel-video/havaianas,pronto
130,2026-11-17,18:00,meio,Infográfico da frente,"Infográfico · Growth · LTV, CAC e MRR · vídeo 4:5 (carrossel inteiro)",VÍDEO 4:5,infografico-growth-feed-1080x1350.mp4,https://github.com/Guga-Marion/royal-accelerator-pitchday/blob/master/divulgacao/linhas-criativas/02-meio/infografico-frente/07-growth/feed/infografico-growth-feed-1080x1350.mp4,pronto
131,2026-11-18,12:00,meio,Infográfico da frente,Infográfico · Processos · OKR,CARROSSEL EM VÍDEO,02-meio/infografico-frente/05-processos/carrossel-video,https://github.com/Guga-Marion/royal-accelerator-pitchday/tree/master/divulgacao/linhas-criativas/02-meio/infografico-frente/05-processos/carrossel-video,pronto
132,2026-11-18,18:00,meio,"Trecho de 30–60 s do episódio do YouTube, com a cartela do contexto e legenda em pílula",Corte com contexto · nº 24,REEL,02-meio/corte-com-contexto/reels-stories,https://github.com/Guga-Marion/royal-accelerator-pitchday/tree/master/divulgacao/linhas-criativas/02-meio/corte-com-contexto/reels-stories,a produzir · edição
133,2026-11-19,12:00,meio,"Duas empresas com o mesmo EBITDA; uma paga o dono, a outra o banco",Infográfico · Finanças · EBITDA,CARROSSEL EM VÍDEO,02-meio/infografico-frente/01-financas/carrossel-video,https://github.com/Guga-Marion/royal-accelerator-pitchday/tree/master/divulgacao/linhas-criativas/02-meio/infografico-frente/01-financas/carrossel-video,pronto
134,2026-11-19,18:00,meio,"Trecho de 30–60 s de palestra ou do Pitch Day 2, com a cartela do contexto e legenda em pílula",Corte com contexto · nº 25,REEL,02-meio/corte-com-contexto/reels-stories,https://github.com/Guga-Marion/royal-accelerator-pitchday/tree/master/divulgacao/linhas-criativas/02-meio/corte-com-contexto/reels-stories,a produzir · edição
135,2026-11-20,12:00,pitch day,Contagem: 15 · como assistir,Pitch Day · faltam 15 dias,VÍDEO 4:5,03-fundo/pitch-day/evento-antes-durante-depois/PD-contagem-15.mp4,https://github.com/Guga-Marion/royal-accelerator-pitchday/blob/master/divulgacao/linhas-criativas/03-fundo/pitch-day/evento-antes-durante-depois/PD-contagem-15.mp4,pronto
136,2026-11-20,18:00,topo,Travessias · empresas,Travessias · Tractian (Reel do globo),REEL,historia-tractian-reel-1080x1920.mp4,https://github.com/Guga-Marion/royal-accelerator-pitchday/blob/master/divulgacao/linhas-criativas/01-topo/travessias-empresas/reels-stories/historia-tractian-reel-1080x1920.mp4,pronto
137,2026-11-21,12:00,fundo,A banca diz o que espera ver (Reel A banca),Vitrine do Conselho,REEL,banca-reel-1080x1920.mp4,https://github.com/Guga-Marion/royal-accelerator-pitchday/blob/master/divulgacao/linhas-criativas/03-fundo/banca/reels-stories/banca-reel-1080x1920.mp4,pronto
138,2026-11-21,18:00,fundo,A banca,A banca fala · Gustavo Marion,ESTÁTICO 4:5,03-fundo/banca/feed-estatico/banca-2-gustavo-marion-1080x1350.png,https://github.com/Guga-Marion/royal-accelerator-pitchday/blob/master/divulgacao/linhas-criativas/03-fundo/banca/feed-estatico/banca-2-gustavo-marion-1080x1350.png,pronto
139,2026-11-22,12:00,meio,"Trecho de 30–60 s do episódio do YouTube, com a cartela do contexto e legenda em pílula",Corte com contexto · nº 26,REEL,02-meio/corte-com-contexto/reels-stories,https://github.com/Guga-Marion/royal-accelerator-pitchday/tree/master/divulgacao/linhas-criativas/02-meio/corte-com-contexto/reels-stories,a produzir · edição
140,2026-11-22,18:00,topo,Tese (reserva),Tese · Estrutura vem antes de escala,ESTÁTICO 1:1,outros/tese/feed-estatico/tese-01-quadrado-1080x1080.png,https://github.com/Guga-Marion/royal-accelerator-pitchday/blob/master/divulgacao/linhas-criativas/outros/tese/feed-estatico/tese-01-quadrado-1080x1080.png,pronto
141,2026-11-23,12:00,topo,Histórias com números,Números · Sobreviver 5 anos,CARROSSEL EM VÍDEO,01-topo/numeros-brasil-eua/carrossel-video/cinco-anos,https://github.com/Guga-Marion/royal-accelerator-pitchday/tree/master/divulgacao/linhas-criativas/01-topo/numeros-brasil-eua/carrossel-video/cinco-anos,pronto
142,2026-11-23,18:00,fundo,Programas de aceleração,Programas de aceleração · Chamada,ESTÁTICO 1:1,03-fundo/aceleracao/feed-estatico/chamada-quadrado-1080x1080.png,https://github.com/Guga-Marion/royal-accelerator-pitchday/blob/master/divulgacao/linhas-criativas/03-fundo/aceleracao/feed-estatico/chamada-quadrado-1080x1080.png,pronto
143,2026-11-24,12:00,topo,Você acha que é exceção: um em cada quatro,Números · O imigrante que empreende,CARROSSEL EM VÍDEO,01-topo/numeros-brasil-eua/carrossel-video/imigrante,https://github.com/Guga-Marion/royal-accelerator-pitchday/tree/master/divulgacao/linhas-criativas/01-topo/numeros-brasil-eua/carrossel-video/imigrante,pronto
144,2026-11-24,18:00,meio,Sete frentes (reserva),Sete frentes · o método em 9 lâminas,CARROSSEL,outros/sete-frentes/carrossel,https://github.com/Guga-Marion/royal-accelerator-pitchday/tree/master/divulgacao/linhas-criativas/outros/sete-frentes/carrossel,pronto
145,2026-11-25,12:00,meio,Infográfico da frente,Infográfico · Comercial · ZOPA e BATNA,CARROSSEL EM VÍDEO,02-meio/infografico-frente/02-comercial/carrossel-video,https://github.com/Guga-Marion/royal-accelerator-pitchday/tree/master/divulgacao/linhas-criativas/02-meio/infografico-frente/02-comercial/carrossel-video,pronto
146,2026-11-25,18:00,meio,"Trecho de 30–60 s de palestra ou do Pitch Day 2, com a cartela do contexto e legenda em pílula",Corte com contexto · nº 27,REEL,02-meio/corte-com-contexto/reels-stories,https://github.com/Guga-Marion/royal-accelerator-pitchday/tree/master/divulgacao/linhas-criativas/02-meio/corte-com-contexto/reels-stories,a produzir · edição
147,2026-11-26,12:00,meio,"""Liderança"" com Kamila Adamatti",YouTube Ep. 05 + Corte,YOUTUBE + REEL,,,a produzir
148,2026-11-26,18:00,meio,Sete frentes (reserva),Sete frentes · vídeo 4:5,VÍDEO 4:5,sete-frentes-feed-1080x1350.mp4,https://github.com/Guga-Marion/royal-accelerator-pitchday/blob/master/divulgacao/linhas-criativas/outros/sete-frentes/feed/sete-frentes-feed-1080x1350.mp4,pronto
149,2026-11-27,12:00,fundo,A banca,Em relevo · Lúcio,VÍDEO 4:5,relevo-lucio-feed-1080x1350.mp4,https://github.com/Guga-Marion/royal-accelerator-pitchday/blob/master/divulgacao/linhas-criativas/03-fundo/banca/feed/relevo-lucio-feed-1080x1350.mp4,pronto
150,2026-11-27,18:00,topo,Tese (reserva),"Tese · Margem é número, não sensação",ESTÁTICO 1:1,outros/tese/feed-estatico/tese-03-quadrado-1080x1080.png,https://github.com/Guga-Marion/royal-accelerator-pitchday/blob/master/divulgacao/linhas-criativas/outros/tese/feed-estatico/tese-03-quadrado-1080x1080.png,pronto
151,2026-11-28,12:00,fundo,O palco em mosaico → programas,Fragmentos · feed,VÍDEO 4:5,fragmentos-feed-1080x1350.mp4,https://github.com/Guga-Marion/royal-accelerator-pitchday/blob/master/divulgacao/linhas-criativas/03-fundo/aceleracao/feed/fragmentos-feed-1080x1350.mp4,pronto
152,2026-11-28,18:00,fundo,Programas de aceleração,Programas de aceleração · story,STORY,03-fundo/aceleracao/feed-estatico/chamada-story-1080x1920.png,https://github.com/Guga-Marion/royal-accelerator-pitchday/blob/master/divulgacao/linhas-criativas/03-fundo/aceleracao/feed-estatico/chamada-story-1080x1920.png,pronto
153,2026-11-29,12:00,pitch day,Contagem: 7 (Reel),Pitch Day · faltam 7 dias,REEL,03-fundo/pitch-day/evento-antes-durante-depois/PD-contagem-7.mp4,https://github.com/Guga-Marion/royal-accelerator-pitchday/blob/master/divulgacao/linhas-criativas/03-fundo/pitch-day/evento-antes-durante-depois/PD-contagem-7.mp4,pronto
154,2026-11-29,18:00,topo,O que o livro diz,O que o livro diz · 6 livros,CARROSSEL,01-topo/livros/carrossel,https://github.com/Guga-Marion/royal-accelerator-pitchday/tree/master/divulgacao/linhas-criativas/01-topo/livros/carrossel,pronto
155,2026-11-30,12:00,topo,Brasileiros no mundo,Brasileiros no mundo · João Fonseca,CARROSSEL EM VÍDEO,01-topo/brasileiros-no-mundo/carrossel-video/fonseca,https://github.com/Guga-Marion/royal-accelerator-pitchday/tree/master/divulgacao/linhas-criativas/01-topo/brasileiros-no-mundo/carrossel-video/fonseca,pronto
156,2026-11-30,18:00,fundo,Programas de aceleração,Fragmentos · o palco (Reel),REEL,fragmentos-reel-1080x1920.mp4,https://github.com/Guga-Marion/royal-accelerator-pitchday/blob/master/divulgacao/linhas-criativas/03-fundo/aceleracao/reels-stories/fragmentos-reel-1080x1920.mp4,pronto
157,2026-12-01,12:00,topo,O galã de novela que virou rei persa em Hollywood,Brasileiros no mundo · Rodrigo Santoro,CARROSSEL EM VÍDEO,01-topo/brasileiros-no-mundo/carrossel-video/santoro,https://github.com/Guga-Marion/royal-accelerator-pitchday/tree/master/divulgacao/linhas-criativas/01-topo/brasileiros-no-mundo/carrossel-video/santoro,pronto
158,2026-12-01,18:00,meio,Infográfico da frente,Infográfico · Comercial · ZOPA e BATNA · vídeo 4:5 (carrossel inteiro),VÍDEO 4:5,infografico-comercial-feed-1080x1350.mp4,https://github.com/Guga-Marion/royal-accelerator-pitchday/blob/master/divulgacao/linhas-criativas/02-meio/infografico-frente/02-comercial/feed/infografico-comercial-feed-1080x1350.mp4,pronto
159,2026-12-02,12:00,meio,Diagnóstico (reserva),Diagnóstico em 5 perguntas,CARROSSEL,outros/diagnostico/carrossel,https://github.com/Guga-Marion/royal-accelerator-pitchday/tree/master/divulgacao/linhas-criativas/outros/diagnostico/carrossel,pronto
160,2026-12-02,18:00,meio,"Trecho de 30–60 s do episódio do YouTube, com a cartela do contexto e legenda em pílula",Corte com contexto · nº 28,REEL,02-meio/corte-com-contexto/reels-stories,https://github.com/Guga-Marion/royal-accelerator-pitchday/tree/master/divulgacao/linhas-criativas/02-meio/corte-com-contexto/reels-stories,a produzir · edição
161,2026-12-03,12:00,meio,Você paga US$ 1.800 por cliente. Ele vale 7.200 — ou 900,"Infográfico · Growth · LTV, CAC e MRR",CARROSSEL EM VÍDEO,02-meio/infografico-frente/07-growth/carrossel-video,https://github.com/Guga-Marion/royal-accelerator-pitchday/tree/master/divulgacao/linhas-criativas/02-meio/infografico-frente/07-growth/carrossel-video,pronto
162,2026-12-03,18:00,meio,"Trecho de 30–60 s de palestra ou do Pitch Day 2, com a cartela do contexto e legenda em pílula",Corte com contexto · nº 29,REEL,02-meio/corte-com-contexto/reels-stories,https://github.com/Guga-Marion/royal-accelerator-pitchday/tree/master/divulgacao/linhas-criativas/02-meio/corte-com-contexto/reels-stories,a produzir · edição
163,2026-12-04,12:00,fundo,Programas de aceleração,Convite · Pitch Day 6 de dezembro,REEL,convite-reel-1080x1920.mp4,https://github.com/Guga-Marion/royal-accelerator-pitchday/blob/master/divulgacao/linhas-criativas/03-fundo/pitch-day/reels-stories/convite-reel-1080x1920.mp4,pronto
164,2026-12-04,18:00,topo,Tese (reserva),Tese · Contratar não resolve o dono-gargalo,ESTÁTICO 1:1,outros/tese/feed-estatico/tese-04-quadrado-1080x1080.png,https://github.com/Guga-Marion/royal-accelerator-pitchday/blob/master/divulgacao/linhas-criativas/outros/tese/feed-estatico/tese-04-quadrado-1080x1080.png,pronto
165,2026-12-05,12:00,pitch day,Contagem: 1 · programação do dia (Reel),Pitch Day · é amanhã,REEL,03-fundo/pitch-day/evento-antes-durante-depois/PD-contagem-1.mp4,https://github.com/Guga-Marion/royal-accelerator-pitchday/blob/master/divulgacao/linhas-criativas/03-fundo/pitch-day/evento-antes-durante-depois/PD-contagem-1.mp4,pronto
166,2026-12-05,18:00,fundo,Programas de aceleração,O globo · Atravessar foi coragem (Reel),REEL,globo-reel-1080x1920.mp4,https://github.com/Guga-Marion/royal-accelerator-pitchday/blob/master/divulgacao/linhas-criativas/03-fundo/aceleracao/reels-stories/globo-reel-1080x1920.mp4,pronto
167,2026-12-06,12:00,pitch day,Stories ao vivo; post dos dez no palco; post dos vencedores no fim do dia,PITCH DAY · edição 3,STORIES + POSTS,,,no dia
168,2026-12-06,18:00,topo,Tese (reserva),Tese · Atravessar foi coragem (Reel),REEL,tese-01-reel-1080x1920.mp4,https://github.com/Guga-Marion/royal-accelerator-pitchday/blob/master/divulgacao/linhas-criativas/outros/tese/reels-stories/tese-01-reel-1080x1920.mp4,pronto
169,2026-12-07,12:00,pitch day,"Dois vencedores, dez travessias → programas de aceleração","Pitch Day · obrigado, Orlando",VÍDEO 4:5,03-fundo/pitch-day/evento-antes-durante-depois/PD-obrigado-feed.mp4,https://github.com/Guga-Marion/royal-accelerator-pitchday/blob/master/divulgacao/linhas-criativas/03-fundo/pitch-day/evento-antes-durante-depois/PD-obrigado-feed.mp4,completar com fotos do dia
170,2026-12-07,18:00,fundo,Programas de aceleração,Bastidores · Cinco minutos. Sem slides.,ESTÁTICO 1:1,outros/bastidores/feed-estatico/bastidores-01-quadrado-1080x1080.png,https://github.com/Guga-Marion/royal-accelerator-pitchday/blob/master/divulgacao/linhas-criativas/outros/bastidores/feed-estatico/bastidores-01-quadrado-1080x1080.png,pronto
171,2026-12-08,12:00,topo,Seis teses do manual (reserva pronta),Tese · carrossel de teses,CARROSSEL,outros/tese/feed-estatico,https://github.com/Guga-Marion/royal-accelerator-pitchday/tree/master/divulgacao/linhas-criativas/outros/tese/feed-estatico,pronto
172,2026-12-08,18:00,meio,Custo de esperar (reserva),O custo de esperar · Empresa A × B,ESTÁTICO 4:5,outros/custo-de-esperar/feed-estatico/custo-de-esperar-1080x1350.png,https://github.com/Guga-Marion/royal-accelerator-pitchday/blob/master/divulgacao/linhas-criativas/outros/custo-de-esperar/feed-estatico/custo-de-esperar-1080x1350.png,pronto
173,2026-12-09,12:00,pitch day,Cortes dos comentários da banca (edição),Pitch Day · o que a banca disse,REEL,,,a produzir
174,2026-12-09,18:00,meio,"Trecho de 30–60 s do episódio do YouTube, com a cartela do contexto e legenda em pílula",Corte com contexto · nº 30,REEL,02-meio/corte-com-contexto/reels-stories,https://github.com/Guga-Marion/royal-accelerator-pitchday/tree/master/divulgacao/linhas-criativas/02-meio/corte-com-contexto/reels-stories,a produzir · edição
175,2026-12-10,12:00,meio,"""Processos"" com Alex Zocche",YouTube Ep. 06 + Corte,YOUTUBE + REEL,,,a produzir
176,2026-12-10,18:00,meio,Infográfico da frente,Infográfico · Tecnologia & IA · automação · vídeo 4:5 (carrossel inteiro),VÍDEO 4:5,infografico-tecnologia-feed-1080x1350.mp4,https://github.com/Guga-Marion/royal-accelerator-pitchday/blob/master/divulgacao/linhas-criativas/02-meio/infografico-frente/03-tecnologia-ia/feed/infografico-tecnologia-feed-1080x1350.mp4,pronto
177,2026-12-11,12:00,fundo,Programas de aceleração,Bastidores · A banca no hub,ESTÁTICO 4:5,outros/bastidores/feed-estatico/bastidores-02-feed-1080x1350.png,https://github.com/Guga-Marion/royal-accelerator-pitchday/blob/master/divulgacao/linhas-criativas/outros/bastidores/feed-estatico/bastidores-02-feed-1080x1350.png,pronto
178,2026-12-11,18:00,topo,Tese (reserva),Tese · Atravessar foi coragem (4:5),VÍDEO 4:5,tese-02-feed-1080x1350.mp4,https://github.com/Guga-Marion/royal-accelerator-pitchday/blob/master/divulgacao/linhas-criativas/outros/tese/feed/tese-02-feed-1080x1350.mp4,pronto
179,2026-12-12,12:00,fundo,Repost com os números da edição 3,Como funciona o dia,REEL,pitchday-dia-reel-1080x1920.mp4,https://github.com/Guga-Marion/royal-accelerator-pitchday/blob/master/divulgacao/linhas-criativas/03-fundo/pitch-day/reels-stories/pitchday-dia-reel-1080x1920.mp4,pronto
180,2026-12-12,18:00,fundo,A banca,Em relevo · Kamila,VÍDEO 4:5,relevo-kamila-feed-1080x1350.mp4,https://github.com/Guga-Marion/royal-accelerator-pitchday/blob/master/divulgacao/linhas-criativas/03-fundo/banca/feed/relevo-kamila-feed-1080x1350.mp4,pronto
181,2026-12-13,12:00,meio,"Trecho de 30–60 s de palestra ou do Pitch Day 2, com a cartela do contexto e legenda em pílula",Corte com contexto · nº 31,REEL,02-meio/corte-com-contexto/reels-stories,https://github.com/Guga-Marion/royal-accelerator-pitchday/tree/master/divulgacao/linhas-criativas/02-meio/corte-com-contexto/reels-stories,a produzir · edição
182,2026-12-13,18:00,topo,Manifesto (reserva),A travessia · manifesto em 5 etapas,CARROSSEL,outros/manifesto-travessia/carrossel,https://github.com/Guga-Marion/royal-accelerator-pitchday/tree/master/divulgacao/linhas-criativas/outros/manifesto-travessia/carrossel,pronto
183,2026-12-14,12:00,topo,Travessias · empresas,Travessias · Fogo de Chão,CARROSSEL EM VÍDEO,01-topo/travessias-empresas/carrossel-video/fogo,https://github.com/Guga-Marion/royal-accelerator-pitchday/tree/master/divulgacao/linhas-criativas/01-topo/travessias-empresas/carrossel-video/fogo,pronto
184,2026-12-14,18:00,fundo,A banca,Em relevo · Guga (Reel),REEL,relevo-guga-reel-1080x1920.mp4,https://github.com/Guga-Marion/royal-accelerator-pitchday/blob/master/divulgacao/linhas-criativas/03-fundo/banca/reels-stories/relevo-guga-reel-1080x1920.mp4,pronto
185,2026-12-15,12:00,topo,"Três banqueiros, a Brahma por US$ 60 mi, a Budweiser por US$ 52 bi",Travessias · Ambev → AB InBev,CARROSSEL EM VÍDEO,01-topo/travessias-empresas/carrossel-video/ambev,https://github.com/Guga-Marion/royal-accelerator-pitchday/tree/master/divulgacao/linhas-criativas/01-topo/travessias-empresas/carrossel-video/ambev,pronto
186,2026-12-15,18:00,meio,Infográfico da frente,Infográfico · Finanças · EBITDA · vídeo 4:5 (carrossel inteiro),VÍDEO 4:5,infografico-financas-feed-1080x1350.mp4,https://github.com/Guga-Marion/royal-accelerator-pitchday/blob/master/divulgacao/linhas-criativas/02-meio/infografico-frente/01-financas/feed/infografico-financas-feed-1080x1350.mp4,pronto
187,2026-12-16,12:00,meio,Infográfico da frente,Infográfico · Tecnologia & IA · automação,CARROSSEL EM VÍDEO,02-meio/infografico-frente/03-tecnologia-ia/carrossel-video,https://github.com/Guga-Marion/royal-accelerator-pitchday/tree/master/divulgacao/linhas-criativas/02-meio/infografico-frente/03-tecnologia-ia/carrossel-video,pronto
188,2026-12-16,18:00,meio,"Trecho de 30–60 s do episódio do YouTube, com a cartela do contexto e legenda em pílula",Corte com contexto · nº 32,REEL,02-meio/corte-com-contexto/reels-stories,https://github.com/Guga-Marion/royal-accelerator-pitchday/tree/master/divulgacao/linhas-criativas/02-meio/corte-com-contexto/reels-stories,a produzir · edição
189,2026-12-17,12:00,meio,"""Marketing & redes"" com Giva",YouTube Ep. 07 + Corte,YOUTUBE + REEL,,,a produzir
190,2026-12-17,18:00,meio,Infográfico da frente,Infográfico · Liderança Situacional · vídeo 4:5 (carrossel inteiro),VÍDEO 4:5,infografico-lideranca-feed-1080x1350.mp4,https://github.com/Guga-Marion/royal-accelerator-pitchday/blob/master/divulgacao/linhas-criativas/02-meio/infografico-frente/04-lideranca/feed/infografico-lideranca-feed-1080x1350.mp4,pronto
191,2026-12-18,12:00,fundo,A banca,A banca fala · Lúcio Santana,ESTÁTICO 4:5,03-fundo/banca/feed-estatico/banca-3-lucio-santana-1080x1350.png,https://github.com/Guga-Marion/royal-accelerator-pitchday/blob/master/divulgacao/linhas-criativas/03-fundo/banca/feed-estatico/banca-3-lucio-santana-1080x1350.png,pronto
192,2026-12-18,18:00,topo,Manifesto (reserva),A travessia · manifesto (Reel),REEL,travessia-reel-1080x1920.mp4,https://github.com/Guga-Marion/royal-accelerator-pitchday/blob/master/divulgacao/linhas-criativas/outros/manifesto-travessia/reels-stories/travessia-reel-1080x1920.mp4,pronto
193,2026-12-19,12:00,fundo,Chamada story + quadrado,Programas de aceleração · turma de janeiro,STORY + ESTÁTICO 1:1,03-fundo/aceleracao/feed-estatico,https://github.com/Guga-Marion/royal-accelerator-pitchday/tree/master/divulgacao/linhas-criativas/03-fundo/aceleracao/feed-estatico,pronto
194,2026-12-19,18:00,fundo,A banca,A banca fala · Kamila Adamatti,ESTÁTICO 4:5,03-fundo/banca/feed-estatico/banca-6-kamila-adamatti-1080x1350.png,https://github.com/Guga-Marion/royal-accelerator-pitchday/blob/master/divulgacao/linhas-criativas/03-fundo/banca/feed-estatico/banca-6-kamila-adamatti-1080x1350.png,pronto
195,2026-12-20,12:00,meio,"Trecho de 30–60 s de palestra ou do Pitch Day 2, com a cartela do contexto e legenda em pílula",Corte com contexto · nº 33,REEL,02-meio/corte-com-contexto/reels-stories,https://github.com/Guga-Marion/royal-accelerator-pitchday/tree/master/divulgacao/linhas-criativas/02-meio/corte-com-contexto/reels-stories,a produzir · edição
196,2026-12-20,18:00,topo,Histórias com números,Número · 2 milhões de brasileiros,VÍDEO 1:1,numero-brasileiros-quadrado-1080x1080.mp4,https://github.com/Guga-Marion/royal-accelerator-pitchday/blob/master/divulgacao/linhas-criativas/01-topo/numeros-brasil-eua/feed/numero-brasileiros-quadrado-1080x1080.mp4,pronto
197,2026-12-21,12:00,topo,Histórias com números,Números · O custo do dinheiro,CARROSSEL EM VÍDEO,01-topo/numeros-brasil-eua/carrossel-video/custo-dinheiro,https://github.com/Guga-Marion/royal-accelerator-pitchday/tree/master/divulgacao/linhas-criativas/01-topo/numeros-brasil-eua/carrossel-video/custo-dinheiro,pronto
198,2026-12-21,18:00,fundo,A banca,A banca fala · Carlos Osorio,ESTÁTICO 4:5,03-fundo/banca/feed-estatico/banca-4-carlos-osorio-1080x1350.png,https://github.com/Guga-Marion/royal-accelerator-pitchday/blob/master/divulgacao/linhas-criativas/03-fundo/banca/feed-estatico/banca-4-carlos-osorio-1080x1350.png,pronto
199,2026-12-22,12:00,topo,"20,3 % × 19 %: a coragem é igual, a distância tem nome",Números · Vontade × resultado,CARROSSEL EM VÍDEO,01-topo/numeros-brasil-eua/carrossel-video/vontade,https://github.com/Guga-Marion/royal-accelerator-pitchday/tree/master/divulgacao/linhas-criativas/01-topo/numeros-brasil-eua/carrossel-video/vontade,pronto
200,2026-12-22,18:00,meio,Infográfico da frente,Infográfico · Processos · OKR · vídeo 4:5 (carrossel inteiro),VÍDEO 4:5,infografico-processos-feed-1080x1350.mp4,https://github.com/Guga-Marion/royal-accelerator-pitchday/blob/master/divulgacao/linhas-criativas/02-meio/infografico-frente/05-processos/feed/infografico-processos-feed-1080x1350.mp4,pronto
201,2026-12-23,12:00,meio,Infográfico da frente,Infográfico · Liderança Situacional,CARROSSEL EM VÍDEO,02-meio/infografico-frente/04-lideranca/carrossel-video,https://github.com/Guga-Marion/royal-accelerator-pitchday/tree/master/divulgacao/linhas-criativas/02-meio/infografico-frente/04-lideranca/carrossel-video,pronto
202,2026-12-23,18:00,meio,"Trecho de 30–60 s do episódio do YouTube, com a cartela do contexto e legenda em pílula",Corte com contexto · nº 34,REEL,02-meio/corte-com-contexto/reels-stories,https://github.com/Guga-Marion/royal-accelerator-pitchday/tree/master/divulgacao/linhas-criativas/02-meio/corte-com-contexto/reels-stories,a produzir · edição
203,2026-12-24,12:00,meio,Todo restaurante brasileiro em Orlando vende a mesma coisa; só um vende o porquê,Infográfico · Marketing · Golden Circle,CARROSSEL EM VÍDEO,02-meio/infografico-frente/06-marketing/carrossel-video,https://github.com/Guga-Marion/royal-accelerator-pitchday/tree/master/divulgacao/linhas-criativas/02-meio/infografico-frente/06-marketing/carrossel-video,pronto
204,2026-12-24,18:00,meio,"Trecho de 30–60 s de palestra ou do Pitch Day 2, com a cartela do contexto e legenda em pílula",Corte com contexto · nº 35,REEL,02-meio/corte-com-contexto/reels-stories,https://github.com/Guga-Marion/royal-accelerator-pitchday/tree/master/divulgacao/linhas-criativas/02-meio/corte-com-contexto/reels-stories,a produzir · edição
205,2026-12-25,12:00,fundo,Como funciona,O Pitch Day em números,CARROSSEL EM VÍDEO,03-fundo/pitch-day/carrossel-video/pitch-day-em-numeros,https://github.com/Guga-Marion/royal-accelerator-pitchday/tree/master/divulgacao/linhas-criativas/03-fundo/pitch-day/carrossel-video/pitch-day-em-numeros,pronto
206,2026-12-25,18:00,topo,Histórias com números,Número · +30 mil empresas na Flórida,VÍDEO 1:1,numero-empresas-fl-quadrado-1080x1080.mp4,https://github.com/Guga-Marion/royal-accelerator-pitchday/blob/master/divulgacao/linhas-criativas/01-topo/numeros-brasil-eua/feed/numero-empresas-fl-quadrado-1080x1080.mp4,pronto
207,2026-12-26,12:00,fundo,Estrutura antes de escala,Em relevo · Lúcio (repost),VÍDEO 4:5,relevo-lucio-feed-1080x1350.mp4,https://github.com/Guga-Marion/royal-accelerator-pitchday/blob/master/divulgacao/linhas-criativas/03-fundo/banca/feed/relevo-lucio-feed-1080x1350.mp4,pronto
208,2026-12-26,18:00,fundo,A banca,Em relevo · Carlos,VÍDEO 4:5,relevo-carlos-feed-1080x1350.mp4,https://github.com/Guga-Marion/royal-accelerator-pitchday/blob/master/divulgacao/linhas-criativas/03-fundo/banca/feed/relevo-carlos-feed-1080x1350.mp4,pronto
209,2026-12-27,12:00,meio,"Trecho de 30–60 s do episódio do YouTube, com a cartela do contexto e legenda em pílula",Corte com contexto · nº 36,REEL,02-meio/corte-com-contexto/reels-stories,https://github.com/Guga-Marion/royal-accelerator-pitchday/tree/master/divulgacao/linhas-criativas/02-meio/corte-com-contexto/reels-stories,a produzir · edição
210,2026-12-27,18:00,topo,Histórias com números,Número · 59 % escolhem os EUA,VÍDEO 1:1,numero-diaspora-quadrado-1080x1080.mp4,https://github.com/Guga-Marion/royal-accelerator-pitchday/blob/master/divulgacao/linhas-criativas/01-topo/numeros-brasil-eua/feed/numero-diaspora-quadrado-1080x1080.mp4,pronto
211,2026-12-28,12:00,topo,Brasileiros no mundo,Brasileiros no mundo · Marta,CARROSSEL EM VÍDEO,01-topo/brasileiros-no-mundo/carrossel-video/marta,https://github.com/Guga-Marion/royal-accelerator-pitchday/tree/master/divulgacao/linhas-criativas/01-topo/brasileiros-no-mundo/carrossel-video/marta,pronto
212,2026-12-28,18:00,fundo,A banca,A banca fala · Fernando Alves,ESTÁTICO 4:5,03-fundo/banca/feed-estatico/banca-1-fernando-alves-1080x1350.png,https://github.com/Guga-Marion/royal-accelerator-pitchday/blob/master/divulgacao/linhas-criativas/03-fundo/banca/feed-estatico/banca-1-fernando-alves-1080x1350.png,pronto
213,2026-12-29,12:00,topo,"5,2 mi de empresas por ano, 22 % dos brasileiros, o lado que ninguém posta",Números · Por que a Flórida,CARROSSEL EM VÍDEO,01-topo/numeros-brasil-eua/carrossel-video/florida,https://github.com/Guga-Marion/royal-accelerator-pitchday/tree/master/divulgacao/linhas-criativas/01-topo/numeros-brasil-eua/carrossel-video/florida,pronto
214,2026-12-29,18:00,meio,Infográfico da frente,Infográfico · Marketing · Golden Circle · vídeo 4:5 (carrossel inteiro),VÍDEO 4:5,infografico-marketing-feed-1080x1350.mp4,https://github.com/Guga-Marion/royal-accelerator-pitchday/blob/master/divulgacao/linhas-criativas/02-meio/infografico-frente/06-marketing/feed/infografico-marketing-feed-1080x1350.mp4,pronto
215,2026-12-30,12:00,meio,Infográfico da frente,"Infográfico · Growth · LTV, CAC e MRR · vídeo 4:5 (carrossel inteiro)",VÍDEO 4:5,infografico-growth-feed-1080x1350.mp4,https://github.com/Guga-Marion/royal-accelerator-pitchday/blob/master/divulgacao/linhas-criativas/02-meio/infografico-frente/07-growth/feed/infografico-growth-feed-1080x1350.mp4,pronto
216,2026-12-30,18:00,meio,"Trecho de 30–60 s de palestra ou do Pitch Day 2, com a cartela do contexto e legenda em pílula",Corte com contexto · nº 37,REEL,02-meio/corte-com-contexto/reels-stories,https://github.com/Guga-Marion/royal-accelerator-pitchday/tree/master/divulgacao/linhas-criativas/02-meio/corte-com-contexto/reels-stories,a produzir · edição
217,2026-12-31,12:00,meio,"A Intel inventou, o Google adotou com 40 pessoas — sua empresa cabe",Infográfico · Processos · OKR,CARROSSEL EM VÍDEO,02-meio/infografico-frente/05-processos/carrossel-video,https://github.com/Guga-Marion/royal-accelerator-pitchday/tree/master/divulgacao/linhas-criativas/02-meio/infografico-frente/05-processos/carrossel-video,pronto
218,2026-12-31,18:00,meio,"Trecho de 30–60 s do episódio do YouTube, com a cartela do contexto e legenda em pílula",Corte com contexto · nº 38,REEL,02-meio/corte-com-contexto/reels-stories,https://github.com/Guga-Marion/royal-accelerator-pitchday/tree/master/divulgacao/linhas-criativas/02-meio/corte-com-contexto/reels-stories,a produzir · edição
